<?xml version="1.0"?>
<ruleset name="Clover ruleset" xmlns="http://pmd.sourceforge.net/ruleset/2.0.0"
	xmlns:xsi="http://www.w3.org/2001/XMLSchema-instance"
	xsi:schemaLocation="http://pmd.sourceforge.net/ruleset/2.0.0 http://pmd.sourceforge.net/ruleset_2_0_0.xsd"
	xsi:noNamespaceSchemaLocation="http://pmd.sourceforge.net/ruleset_2_0_0.xsd">

	<description>
		Clover ruleset
	</description>

	<rule ref="rulesets/basic.xml" />
	<rule ref="rulesets/clone.xml" />
	<rule ref="rulesets/codesize.xml" />
	<rule ref="rulesets/controversial.xml">
		<exclude name="OnlyOneReturn" /> <!-- we don't want to follow this rule -->
		<exclude name="AvoidLiteralsInIfCondition" /> <!-- reports nulls, empty strings, etc. -->
	</rule>
	<rule ref="rulesets/coupling.xml" />
	<rule ref="rulesets/design.xml" />
	<rule ref="rulesets/finalizers.xml" />
	<rule ref="rulesets/imports.xml" />
	<rule ref="rulesets/j2ee.xml" />
	<rule ref="rulesets/javabeans.xml" />
	<rule ref="rulesets/junit.xml" />
	<rule ref="rulesets/logging-java.xml" />
	<rule ref="rulesets/naming.xml">
		<exclude name="LongVariable" /> <!-- we don't want to follow this rule -->
	</rule>
	<rule ref="rulesets/optimizations.xml">
		<exclude name="MethodArgumentCouldBeFinal" /> <!-- too many reported warnings -->
		<exclude name="LocalVariableCouldBeFinal" /> <!-- too many reported warnings -->
	</rule>
	<rule ref="rulesets/strictexception.xml" />
	<rule ref="rulesets/sunsecure.xml" />
	<rule ref="rulesets/strings.xml">
		<exclude name="AvoidDuplicateLiterals" /> <!-- makes report publishing fail because of non-unicode character -->
	</rule>
	<rule ref="rulesets/typeresolution.xml" />
	<rule ref="rulesets/unusedcode.xml" />


</ruleset>